Projekt Nr.,Schueler Nachname,Schueler Vorname
1,Name002,Vorname002
1,Name004,Vorname004
1,Name008,Vorname008
1,Name009,Vorname009
1,Name010,Vorname010
1,Name011,Vorname011
1,Name012,Vorname012
1,Name013,Vorname013
1,Name014,Vorname014
1,Name015,Vorname015
1,Name016,Vorname016
1,Name017,Vorname017
1,Name018,Vorname018
2,Name020,Vorname020
2,Name023,Vorname023
2,Name024,Vorname024
2,Name025,Vorname025
2,Name026,Vorname026
2,Name027,Vorname027
2,Name029,Vorname029
2,Name031,Vorname031
2,Name033,Vorname033
2,Name035,Vorname035
2,Name038,Vorname038
2,Name039,Vorname039
2,Name040,Vorname040
2,Name049,Vorname049
2,Name120,Vorname120
2,Name132,Vorname132
2,Name138,Vorname138
2,Name139,Vorname139
2,Name168,Vorname168
2,Name189,Vorname189
2,Name485,Vorname485
4,Name042,Vorname042
4,Name043,Vorname043
4,Name046,Vorname046
4,Name047,Vorname047
4,Name048,Vorname048
4,Name050,Vorname050
4,Name051,Vorname051
4,Name052,Vorname052
4,Name053,Vorname053
4,Name054,Vorname054
5,Name055,Vorname055
5,Name056,Vorname056
5,Name057,Vorname057
5,Name058,Vorname058
5,Name059,Vorname059
5,Name062,Vorname062
5,Name063,Vorname063
5,Name064,Vorname064
5,Name065,Vorname065
5,Name066,Vorname066
5,Name067,Vorname067
5,Name068,Vorname068
5,Name069,Vorname069
5,Name070,Vorname070
5,Name071,Vorname071
5,Name072,Vorname072
5,Name073,Vorname073
5,Name075,Vorname075
5,Name231,Vorname231
5,Name550,Vorname550
5,Name557,Vorname557
5,Name562,Vorname562
6,Name022,Vorname022
6,Name044,Vorname044
6,Name076,Vorname076
6,Name079,Vorname079
6,Name080,Vorname080
6,Name081,Vorname081
6,Name082,Vorname082
6,Name083,Vorname083
6,Name087,Vorname087
6,Name088,Vorname088
6,Name092,Vorname092
6,Name093,Vorname093
6,Name096,Vorname096
6,Name097,Vorname097
6,Name098,Vorname098
6,Name100,Vorname100
6,Name101,Vorname101
6,Name102,Vorname102
6,Name103,Vorname103
6,Name104,Vorname104
6,Name105,Vorname105
6,Name137,Vorname137
6,Name166,Vorname166
6,Name170,Vorname170
6,Name174,Vorname174
6,Name289,Vorname289
6,Name297,Vorname297
6,Name338,Vorname338
6,Name522,Vorname522
6,Name528,Vorname528
7,Name106,Vorname106
7,Name107,Vorname107
7,Name110,Vorname110
7,Name112,Vorname112
7,Name113,Vorname113
7,Name114,Vorname114
7,Name115,Vorname115
7,Name116,Vorname116
7,Name118,Vorname118
7,Name379,Vorname379
7,Name383,Vorname383
7,Name460,Vorname460
7,Name499,Vorname499
7,Name548,Vorname548
7,Name566,Vorname566
7,Name568,Vorname568
8,Name121,Vorname121
8,Name122,Vorname122
8,Name123,Vorname123
8,Name124,Vorname124
8,Name164,Vorname164
9,Name134,Vorname134
9,Name135,Vorname135
9,Name136,Vorname136
9,Name140,Vorname140
9,Name143,Vorname143
9,Name144,Vorname144
9,Name145,Vorname145
9,Name148,Vorname148
9,Name149,Vorname149
9,Name150,Vorname150
9,Name151,Vorname151
9,Name152,Vorname152
9,Name153,Vorname153
9,Name156,Vorname156
9,Name157,Vorname157
9,Name232,Vorname232
9,Name387,Vorname387
10,Name158,Vorname158
10,Name159,Vorname159
10,Name160,Vorname160
10,Name161,Vorname161
10,Name162,Vorname162
10,Name163,Vorname163
10,Name165,Vorname165
11,Name078,Vorname078
11,Name167,Vorname167
11,Name169,Vorname169
11,Name172,Vorname172
11,Name175,Vorname175
11,Name176,Vorname176
11,Name177,Vorname177
11,Name178,Vorname178
11,Name179,Vorname179
11,Name180,Vorname180
11,Name181,Vorname181
11,Name185,Vorname185
11,Name186,Vorname186
11,Name188,Vorname188
11,Name469,Vorname469
12,Name190,Vorname190
12,Name191,Vorname191
12,Name192,Vorname192
12,Name194,Vorname194
12,Name195,Vorname195
12,Name198,Vorname198
12,Name199,Vorname199
12,Name219,Vorname219
12,Name222,Vorname222
12,Name236,Vorname236
13,Name200,Vorname200
13,Name201,Vorname201
13,Name202,Vorname202
13,Name203,Vorname203
13,Name204,Vorname204
13,Name205,Vorname205
13,Name206,Vorname206
13,Name210,Vorname210
15,Name111,Vorname111
15,Name220,Vorname220
15,Name221,Vorname221
15,Name223,Vorname223
15,Name224,Vorname224
15,Name225,Vorname225
15,Name227,Vorname227
15,Name228,Vorname228
15,Name229,Vorname229
15,Name230,Vorname230
15,Name233,Vorname233
15,Name234,Vorname234
15,Name237,Vorname237
15,Name239,Vorname239
15,Name240,Vorname240
15,Name241,Vorname241
15,Name251,Vorname251
15,Name262,Vorname262
15,Name263,Vorname263
15,Name286,Vorname286
15,Name314,Vorname314
15,Name399,Vorname399
15,Name491,Vorname491
17,Name242,Vorname242
17,Name243,Vorname243
17,Name244,Vorname244
17,Name245,Vorname245
17,Name246,Vorname246
17,Name247,Vorname247
17,Name248,Vorname248
17,Name249,Vorname249
17,Name250,Vorname250
17,Name252,Vorname252
18,Name021,Vorname021
18,Name126,Vorname126
18,Name207,Vorname207
18,Name209,Vorname209
18,Name235,Vorname235
18,Name259,Vorname259
18,Name260,Vorname260
18,Name267,Vorname267
19,Name270,Vorname270
19,Name271,Vorname271
19,Name272,Vorname272
19,Name273,Vorname273
19,Name274,Vorname274
19,Name275,Vorname275
19,Name498,Vorname498
20,Name276,Vorname276
20,Name277,Vorname277
20,Name278,Vorname278
20,Name279,Vorname279
20,Name280,Vorname280
20,Name281,Vorname281
20,Name282,Vorname282
20,Name283,Vorname283
20,Name284,Vorname284
20,Name285,Vorname285
20,Name287,Vorname287
20,Name288,Vorname288
20,Name542,Vorname542
21,Name060,Vorname060
21,Name154,Vorname154
21,Name193,Vorname193
21,Name386,Vorname386
22,Name077,Vorname077
22,Name090,Vorname090
22,Name290,Vorname290
22,Name291,Vorname291
22,Name292,Vorname292
22,Name293,Vorname293
22,Name294,Vorname294
22,Name295,Vorname295
22,Name296,Vorname296
22,Name298,Vorname298
22,Name299,Vorname299
22,Name300,Vorname300
22,Name301,Vorname301
22,Name302,Vorname302
22,Name303,Vorname303
22,Name304,Vorname304
22,Name305,Vorname305
22,Name307,Vorname307
22,Name309,Vorname309
22,Name310,Vorname310
22,Name311,Vorname311
22,Name312,Vorname312
22,Name313,Vorname313
22,Name342,Vorname342
22,Name343,Vorname343
22,Name483,Vorname483
23,Name007,Vorname007
23,Name034,Vorname034
23,Name036,Vorname036
23,Name037,Vorname037
23,Name089,Vorname089
23,Name094,Vorname094
23,Name146,Vorname146
23,Name319,Vorname319
23,Name322,Vorname322
23,Name323,Vorname323
23,Name330,Vorname330
23,Name331,Vorname331
23,Name332,Vorname332
23,Name333,Vorname333
23,Name334,Vorname334
23,Name335,Vorname335
23,Name336,Vorname336
23,Name337,Vorname337
23,Name359,Vorname359
23,Name360,Vorname360
23,Name361,Vorname361
23,Name362,Vorname362
23,Name476,Vorname476
23,Name481,Vorname481
25,Name133,Vorname133
25,Name339,Vorname339
25,Name340,Vorname340
25,Name341,Vorname341
25,Name344,Vorname344
25,Name345,Vorname345
26,Name095,Vorname095
26,Name187,Vorname187
26,Name348,Vorname348
26,Name349,Vorname349
26,Name350,Vorname350
26,Name351,Vorname351
26,Name353,Vorname353
26,Name356,Vorname356
26,Name363,Vorname363
26,Name364,Vorname364
26,Name365,Vorname365
26,Name366,Vorname366
26,Name367,Vorname367
26,Name368,Vorname368
26,Name394,Vorname394
26,Name450,Vorname450
26,Name457,Vorname457
26,Name458,Vorname458
26,Name487,Vorname487
26,Name488,Vorname488
26,Name504,Vorname504
26,Name529,Vorname529
26,Name530,Vorname530
28,Name001,Vorname001
28,Name006,Vorname006
28,Name061,Vorname061
28,Name253,Vorname253
28,Name254,Vorname254
28,Name255,Vorname255
28,Name256,Vorname256
28,Name369,Vorname369
28,Name371,Vorname371
28,Name372,Vorname372
28,Name373,Vorname373
28,Name374,Vorname374
28,Name375,Vorname375
28,Name376,Vorname376
28,Name377,Vorname377
28,Name378,Vorname378
28,Name384,Vorname384
28,Name385,Vorname385
28,Name392,Vorname392
28,Name533,Vorname533
28,Name534,Vorname534
28,Name535,Vorname535
28,Name536,Vorname536
28,Name537,Vorname537
29,Name238,Vorname238
29,Name410,Vorname410
29,Name412,Vorname412
29,Name417,Vorname417
30,Name196,Vorname196
30,Name197,Vorname197
30,Name257,Vorname257
30,Name261,Vorname261
30,Name308,Vorname308
30,Name326,Vorname326
30,Name327,Vorname327
30,Name328,Vorname328
30,Name329,Vorname329
30,Name391,Vorname391
30,Name393,Vorname393
30,Name395,Vorname395
30,Name396,Vorname396
30,Name397,Vorname397
30,Name398,Vorname398
30,Name402,Vorname402
30,Name403,Vorname403
30,Name404,Vorname404
30,Name405,Vorname405
30,Name406,Vorname406
30,Name407,Vorname407
30,Name408,Vorname408
30,Name411,Vorname411
30,Name416,Vorname416
30,Name420,Vorname420
30,Name421,Vorname421
30,Name422,Vorname422
30,Name454,Vorname454
30,Name455,Vorname455
30,Name541,Vorname541
32,Name041,Vorname041
32,Name409,Vorname409
32,Name415,Vorname415
32,Name423,Vorname423
32,Name424,Vorname424
32,Name425,Vorname425
32,Name427,Vorname427
32,Name428,Vorname428
32,Name429,Vorname429
32,Name430,Vorname430
32,Name431,Vorname431
32,Name432,Vorname432
32,Name433,Vorname433
32,Name434,Vorname434
32,Name435,Vorname435
32,Name436,Vorname436
32,Name437,Vorname437
32,Name438,Vorname438
32,Name439,Vorname439
32,Name440,Vorname440
32,Name441,Vorname441
32,Name442,Vorname442
32,Name444,Vorname444
32,Name445,Vorname445
32,Name446,Vorname446
32,Name447,Vorname447
32,Name448,Vorname448
32,Name470,Vorname470
32,Name482,Vorname482
32,Name484,Vorname484
33,Name382,Vorname382
33,Name418,Vorname418
33,Name451,Vorname451
33,Name461,Vorname461
34,Name456,Vorname456
34,Name464,Vorname464
34,Name466,Vorname466
34,Name467,Vorname467
34,Name468,Vorname468
36,Name129,Vorname129
36,Name130,Vorname130
36,Name216,Vorname216
36,Name318,Vorname318
36,Name320,Vorname320
36,Name346,Vorname346
36,Name347,Vorname347
36,Name471,Vorname471
36,Name472,Vorname472
36,Name473,Vorname473
36,Name474,Vorname474
36,Name475,Vorname475
36,Name477,Vorname477
36,Name478,Vorname478
36,Name480,Vorname480
36,Name486,Vorname486
36,Name507,Vorname507
36,Name518,Vorname518
36,Name519,Vorname519
36,Name520,Vorname520
37,Name414,Vorname414
37,Name489,Vorname489
37,Name492,Vorname492
37,Name493,Vorname493
37,Name494,Vorname494
37,Name495,Vorname495
37,Name497,Vorname497
38,Name045,Vorname045
38,Name321,Vorname321
38,Name355,Vorname355
38,Name500,Vorname500
38,Name501,Vorname501
38,Name502,Vorname502
38,Name503,Vorname503
38,Name505,Vorname505
38,Name506,Vorname506
38,Name508,Vorname508
39,Name127,Vorname127
39,Name443,Vorname443
39,Name509,Vorname509
39,Name510,Vorname510
39,Name511,Vorname511
39,Name513,Vorname513
39,Name516,Vorname516
39,Name517,Vorname517
40,Name109,Vorname109
40,Name128,Vorname128
40,Name357,Vorname357
40,Name358,Vorname358
40,Name370,Vorname370
40,Name400,Vorname400
40,Name401,Vorname401
40,Name449,Vorname449
40,Name459,Vorname459
41,Name003,Vorname003
41,Name005,Vorname005
41,Name108,Vorname108
41,Name306,Vorname306
41,Name324,Vorname324
41,Name325,Vorname325
41,Name419,Vorname419
41,Name452,Vorname452
41,Name453,Vorname453
41,Name523,Vorname523
41,Name524,Vorname524
41,Name525,Vorname525
41,Name526,Vorname526
41,Name527,Vorname527
41,Name531,Vorname531
41,Name532,Vorname532
42,Name119,Vorname119
42,Name208,Vorname208
42,Name269,Vorname269
42,Name381,Vorname381
42,Name538,Vorname538
42,Name540,Vorname540
42,Name543,Vorname543
42,Name544,Vorname544
42,Name545,Vorname545
42,Name546,Vorname546
42,Name547,Vorname547
42,Name549,Vorname549
42,Name551,Vorname551
42,Name552,Vorname552
42,Name553,Vorname553
42,Name554,Vorname554
42,Name555,Vorname555
42,Name556,Vorname556
42,Name558,Vorname558
42,Name559,Vorname559
42,Name560,Vorname560
42,Name561,Vorname561
42,Name563,Vorname563
42,Name564,Vorname564
42,Name565,Vorname565
42,Name567,Vorname567
43,Name569,Vorname569
43,Name570,Vorname570
43,Name571,Vorname571
43,Name572,Vorname572